name	x	y
Plasmodium coatneyi	27.686	30992.905
Plasmodium falciparum 3D7	23.27	124238.337
Plasmodium gaboni	20.386	119629.225
Plasmodium reichenowi	20.502	123826.386
Plasmodium cynomolgi strain B	26.181	25790.312
Plasmodium fragile	25.915	30320.582
Plasmodium inui San Antonio 1	27.405	17697.41
Plasmodium knowlesi strain H	23.462	42662.476
Plasmodium vivax	27.014	27403.882
Plasmodium berghei	17.955	32654.365
Plasmodium chabaudi chabaudi	18.868	28167.859
Plasmodium vinckei vinckei	18.222	29394.605
Plasmodium yoelii yoelii	23.125	37016.708
Babesia bigemina	13.841	6708.434
Babesia bovis	8.18	5765.122
Babesia microti strain RI	6.392	8145.875
Theileria annulata strain Ankara	8.358	15083.527
Theileria equi strain WA	11.674	6129.61
Theileria orientalis strain Shintoku	9.01	12680.62
Theileria parva	8.348	13326.216
Cryptosporidium hominis	8.744	27027.519
Cryptosporidium muris RN66	9.245	15421.647
Cryptosporidium parvum Iowa II	9.102	20548.598
Eimeria acervulina	45.831	108343.618
Eimeria maxima	45.975	114522.825
Eimeria mitis	60.415	153191.408
Eimeria necatrix	55.008	94819.107
Eimeria tenella	51.894	74551.035
Hammondia hammondi	67.701	15338.161
Neospora caninum Liverpool	57.547	16557.84
Toxoplasma gondii ME49	65.668	16577.922
Gregarina niphandrodes	14.009	9045.64
Nannochloropsis gaditana CCMP526	33.987	14433.627
Naegleria gruberi	40.964	14927.247
Sphaeroforma arctica JP610	121.631	35150.411
Capsaspora owczarzaki ATCC 30864	27.968	38609.351
Monosiga brevicollis MX1	41.71	30636.998
Salpingoeca rosetta	55.44	116284.309
Acytostelium subglobosum LB1	31.003	45986.605
Dictyostelium discoideum	34.205	143292.643
Dictyostelium fasciculatum	31.019	68450.394
Dictyostelium purpureum	32.967	70213.128
Polysphondylium pallidum PN500	32.97	53438.855
Emiliania huxleyi CCMP1516	167.676	37332.159
Leishmania donovani	32.445	25901.181
Leishmania infantum JPCM5	32.122	28206.814
Leishmania major strain Friedlin	32.855	34522.81
Leishmania mexicana MHOM/GT/2001/U1103	32.109	30009.616
Leishmania braziliensis MHOM/BR/75/M2904	32.069	27701.716
Leishmania panamensis	30.689	25366.881
Leptomonas pyrrhocoris	30.38	27314.834
Trypanosoma grayi	20.934	28300.767
Trypanosoma cruzi	89.937	31794.684
Trypanosoma brucei brucei TREU927	26.075	23348.973
Trypanosoma brucei gambiense DAL972	22.148	25232.246
Acanthamoeba castellanii str. Neff	42.02	42760.674
Thecamonas trahens ATCC 50062	28.681	36549.201
Entamoeba dispar SAW760	30.633	35211.217
Entamoeba histolytica HM-1:IMSS	20.835	26802.036
Entamoeba invadens IP1	40.878	17004.202
Entamoeba nuttalli P19	14.4	21895.974
Giardia lamblia ATCC 50803	11.214	5227.574
Blastocystis hominis	18.817	20353.83
Blastocystis sp. subtype 4	12.919	9858.387
Fonticula alba	31.296	49408.01
Trichomonas vaginalis G3	176.42	13618.768
Phytophthora infestans T30-4	228.544	6482.061
Phytophthora parasitica INRA-310	82.389	5510.603
Phytophthora sojae	82.598	11736.836
Aphanomyces astaci	75.844	10860.857
Aphanomyces invadans	71.402	4069.901
Saprolegnia diclina VS20	62.886	7731.921
Saprolegnia parasitica CBS 223.65	53.132	11352.862
Aureococcus anophagefferens	56.661	32105.588
Chlamydomonas reinhardtii	120.405	41214.841
Volvox carteri f. nagariensis	137.684	36070.287
Monoraphidium neglectum	69.712	37646.193
Ostreococcus lucimarinus CCE9901	13.205	33175.897
Ostreococcus tauri	12.572	21666.6
Micromonas commoda	21.109	25267.209
Micromonas pusilla CCMP1545	21.958	60730.085
Auxenochlorella protothecoides	22.925	17292.008
Chlorella variabilis	46.16	37765.802
Coccomyxa subellipsoidea C-169	48.827	10616.648
Cyanidioschyzon merolae strain 10D	16.547	10199.588
Aegilops tauschii subsp. tauschii	4327.322	13889.714
Brachypodium distachyon	272.133	16129.54
Oryza brachyantha	259.908	20158.734
Oryza sativa Japonica Group	374.423	22200.361
Sorghum bicolor	739.15	15766.823
Zea mays	2135.083	13939.553
Setaria italica	405.868	14943.832
Ananas comosus	382.056	31259.145
Musa acuminata subsp. malaccensis	472.231	15181.22
Elaeis guineensis	1535.178	12848.961
Phoenix dactylifera	556.481	16674.936
Asparagus officinalis	1187.538	15657.873
Arabidopsis lyrata subsp. lyrata	206.668	18380.079
Arabidopsis thaliana	119.668	19291.998
Camelina sativa	641.356	20809.98
Capsella rubella	133.064	22361.268
Brassica napus	930.508	17353.763
Brassica rapa	284.129	20286.497
Brassica oleracea var. oleracea	488.954	17618.926
Raphanus sativus	426.614	18112.475
Eutrema salsugineum	243.11	17307.372
Tarenaya hassleriana	249.93	21979.183
Gossypium arboreum	1694.598	15027.796
Gossypium hirsutum	2189.14	15972.098
Gossypium raimondii	761.565	19398.839
Theobroma cacao	324.88	19088.147
Citrus clementina	301.365	23222.992
Citrus sinensis	327.83	23452.938
Eucalyptus grandis	691.43	19380.766
Cajanus cajan	592.971	24502.728
Glycine max	978.972	22314.791
Phaseolus vulgaris	521.077	18161.468
Vigna angularis	467.301	19821.721
Vigna radiata var. radiata	463.638	22866.686
Cicer arietinum	530.894	22683.788
Medicago truncatula	412.924	22625.365
Lupinus angustifolius	609.203	28416.112
Juglans regia	699.673	26919.873
Fragaria vesca subsp. vesca	214.373	18762.142
Malus domestica	1874.765	6867.768
Pyrus x bretschneideri	508.551	21659.666
Prunus mume	234.03	22948.205
Prunus persica	227.569	24068.673
Morus notabilis	320.379	31296.281
Ziziphus jujuba	437.754	36761.859
Cucumis melo	374.928	22938.945
Cucumis sativus	195.669	25802.185
Jatropha curcas	318.527	23502.147
Ricinus communis	350.622	21691.377
Populus euphratica	496.033	27930.472
Populus trichocarpa	417.287	24549.747
Vitis vinifera	486.197	23786.109
Beta vulgaris subsp. vulgaris	566.55	19219.973
Capsicum annuum	2935.884	14703.391
Solanum lycopersicum	823.786	15631
Solanum pennellii	926.426	16237.279
Solanum tuberosum	705.934	16864.121
Nicotiana sylvestris	2221.987	13092.885
Nicotiana tabacum	3643.471	13009.861
Nicotiana tomentosiformis	1688.466	13776.739
Nicotiana attenuata	2365.683	12495.834
Ipomoea nil	735.231	34994.036
Erythranthe guttata	322.167	32153.703
Sesamum indicum	275.059	21548.247
Daucus carota subsp. sativus	421.539	17587.294
Nelumbo nucifera	804.648	19842.483
Amborella trichopoda	706.495	21130.463
Selaginella moellendorffii	212.502	15362.013
Physcomitrella patens	477.948	20611.816
Chondrus crispus	104.98	9633.101
Galdieria sulphuraria	13.712	9557.173
Pseudocercospora fijiensis CIRAD86	74.141	16358.267
Baudoinia panamericana UAMH 10762	21.876	9517.81
Sphaerulina musiva SO2202	29.352	29054.511
Zymoseptoria tritici IPO323	39.686	12138.763
Aureobasidium namibiae CBS 147.97	25.429	9549.326
Aureobasidium subglaciale EXF-2481	25.797	9363.052
Neofusicoccum parvum UCRNP2	42.593	13742.237
Diplodia corticola	34.986	21107.938
Coniosporium apollinis CBS 100218	28.645	10240.695
Verruconis gallopava	31.78	11542.907
Paraphaeosphaeria sporulosa	38.464	9253.816
Leptosphaeria maculans JN3	45.125	19699.668
Parastagonospora nodorum SN15	37.214	10085.697
Alternaria alternata	32.991	8332.769
Bipolaris maydis ATCC 48331	32.929	13742.528
Bipolaris sorokiniana ND90Pr	34.409	12994.328
Bipolaris victoriae FI3	32.83	14035.332
Bipolaris oryzae ATCC 44560	31.362	15908.853
Bipolaris zeicola 26-R-13	31.268	13732.342
Pyrenophora teres f. teres 0-1	33.583	13355.017
Pyrenophora tritici-repentis Pt-1C-BFP	37.997	11971.272
Setosphaeria turcica Et28A	43.014	22166.343
Cladophialophora bantiana CBS 173.52	36.723	10188.235
Exophiala mesophila	29.274	11377.507
Rhinocladiella mackenziei CBS 650.93	32.474	8934.783
Cladophialophora carrionii CBS 160.54	28.991	12909.957
Exophiala xenobiotica	31.406	9842.685
Capronia coronata CBS 617.96	25.808	14568.221
Fonsecaea pedrosoi CBS 271.37	34.689	13226.256
Exophiala aquamarina CBS 119918	41.567	10495.163
Exophiala dermatitidis NIH/UT8656	26.377	14656.8
Cyphellophora europaea CBS 101466	28.781	9840.903
Exophiala oligosperma	38.225	11297.41
Exophiala spinifera	32.912	12763.781
Capronia epimyces CBS 606.96	28.89	24699.617
Fonsecaea multimorphosa CBS 102226	33.447	10811.648
Cladophialophora immunda	43.029	10315.053
Fonsecaea erecta	34.748	13936.668
Cladophialophora yegresii CBS 114405	27.898	10772.76
Phialophora attae	30.364	7989.162
Cladophialophora psammophila CBS 110553	39.42	11746.182
Endocarpon pusillum Z07020	37.131	12770.811
Aspergillus fumigatus Af293	29.385	9726.983
Aspergillus aculeatus ATCC 16872	35.424	19162.547
Talaromyces marneffei ATCC 18224	28.644	12528.058
Penicillium rubens Wisconsin 54-1255	32.224	10363.138
Talaromyces stipitatus ATCC 10500	35.685	9698.324
Aspergillus niger CBS 513.88	34.007	13736.364
Talaromyces atroroseus	30.859	16602.783
Aspergillus oryzae RIB40	37.118	10591.904
Penicillium expansum	32.356	10987.25
Aspergillus nomius NRRL 13137	36.139	9940.418
Penicillium digitatum Pd1	26.053	9334.027
Rasamsonia emersonii CBS 393.64	28.249	19918.931
Aspergillus flavus NRRL3357	36.892	10459.026
Aspergillus nidulans FGSC A4	30.243	9174.995
Aspergillus fischeri NRRL 181	31.77	10167.983
Aspergillus terreus NIH2624	29.364	10912.47
Aspergillus clavatus NRRL 1	27.859	18349.112
Uncinocarpus reesii 1704	22.35	8363.722
Paracoccidioides lutzii Pb01	32.925	21204.548
Arthroderma otae CBS 113480	23.263	13206.457
Trichophyton rubrum CBS 118892	22.53	16865.858
Coccidioides immitis RS	29.016	14270.428
Paracoccidioides brasiliensis Pb18	29.953	22012.19
Blastomyces gilchristii SLH14081	75.405	21286.582
Trichophyton verrucosum HKI 0517	22.541	18215.235
Histoplasma capsulatum NAm1	33.03	18564.697
Coccidioides posadasii C735 delta SOWgp	27.013	14510.237
Trichophyton benhamiae CBS 112371	22.224	18461.395
Nannizzia gypsea CBS 118893	23.273	16066.082
Marssonina brunnea f. sp. 'multigermtubi' MB_m1	51.95	30242.997
Botrytis cinerea B05.10	42.744	17599.62
Sclerotinia sclerotiorum 1980 UF-70	38.533	19027.164
Glarea lozoyensis ATCC 20868	39.51	9554.759
Phialocephala scopiformis	48.876	11308.415
Pseudogymnoascus verrucosus	30.175	15666.918
Pseudogymnoascus destructans 20631-21	30.685	13792.109
Arthrobotrys oligospora ATCC 24927	40.073	20999.491
Dactylellina haptotyla CBS 200.50	39.532	17230.178
Tuber melanosporum	124.946	13389.4
Verticillium alfalfae VaMs.102	32.863	13021.975
Colletotrichum gloeosporioides Nara gc5	55.607	13243.766
Colletotrichum fioriniae PJ7	49.003	14923.362
Verticillium dahliae VdLs.17	33.9	14986.081
Colletotrichum higginsianum IMI 349063	50.716	20115.781
Colletotrichum graminicola M1.001	51.644	21202.705
Fusarium pseudograminearum CS3096	36.973	13563.262
Metarhizium robertsii ARSEF 23	41.657	10711.36
Purpureocillium lilacinum	38.535	18221.494
Fusarium graminearum PH-1	36.458	12218.318
Trichoderma reesei QM6a	33.396	22038.937
Trichoderma atroviride IMI 206040	36.144	14577.548
Isaria fumosorosea ARSEF 2679	33.486	17219.484
Beauveria bassiana ARSEF 2860	33.698	15999.89
Cordyceps militaris CM01	32.269	17286.414
Fusarium verticillioides 7600	41.845	11986.761
Pochonia chlamydosporia 170	43.842	11166.838
Metarhizium brunneum ARSEF 3297	37.066	11745.806
Fusarium oxysporum f. sp. lycopersici 4287	61.387	9964.352
Trichoderma gamsii	37.97	13792.027
Metarhizium acridum CQMa 102	39.422	12338.921
Metarhizium majus ARSEF 297	42.063	11798.97
Trichoderma virens Gv29-8	39.023	15530.154
Nectria haematococca mpVI 77-13-4	51.286	13271.68
Scedosporium apiospermum	43.437	15965.9
Gaeumannomyces tritici R3-111a-1	43.769	19316.148
Magnaporthe oryzae 70-15	40.979	15952.856
Sporothrix schenckii 1099-18	32.375	18005.997
Grosmannia clavigera kw1407	29.794	15663.385
Podospora anserina S mat+	34.719	17091.789
Chaetomium thermophilum var. thermophilum DSM 1495	28.323	16018.54
Thielavia terrestris NRRL 8126	36.912	19164.177
Neurospora crassa OR74A	41.102	24106.561
Neurospora tetrasperma FGSC 2508	39.146	21538.288
Chaetomium globosum CBS 148.51	34.887	16466.134
Sordaria macrospora	39.955	19832.578
Thermothelomyces thermophila ATCC 42464	38.744	21734.057
Phaeoacremonium minimum UCRPA7	47.465	11456.333
Pestalotiopsis fici W106-1	51.911	13247.301
Eutypa lata UCREL1	54.006	22371.793
Xylona heveae TC161	24.338	14412.376
Tetrapisispora phaffii CBS 4417	12.115	15801.229
Naumovozyma castellii CBS 4309	11.22	14575.643
Babjeviella inositovora NRRL Y-12698	15.221	8011.865
Sugiyamaella lignohabitans	15.938	13440.929
Saccharomyces eubayanus	11.734	14786.215
Ascoidea rubescens DSM 1968	17.504	33025.369
Debaryomyces fabryi	11.701	10750.008
Candida tropicalis MYA-3404	14.63	31656.637
Clavispora lusitaniae ATCC 42720	12.115	10007.435
[Candida] auris	12.499	12555.002
Pichia membranifaciens NRRL Y-2026	11.582	15183.709
Torulaspora delbrueckii	9.221	7532.309
Komagataella phaffii GS115	9.216	8106.547
Yarrowia lipolytica CLIB122	20.551	15462.926
Meyerozyma guilliermondii ATCC 6260	10.61	8275.813
Debaryomyces hansenii CBS767	12.182	10648.379
Candida dubliniensis CD36	14.618	45372.134
Lodderomyces elongisporus NRRL YB-4239	15.547	48817.953
Tetrapisispora blattae CBS 6284	14.049	23793.984
Eremothecium sinecaudum	8.923	8710.205
Eremothecium gossypii ATCC 10895	9.119	8977.103
Wickerhamomyces ciferrii	15.901	20706.676
Ogataea parapolymorpha DL-1	8.875	7781.093
Candida tanzawaensis NRRL Y-17324	13.136	9644.339
Candida orthopsilosis	12.659	14614.752
Candida albicans SC5314	14.283	32644.256
Kazachstania africana CBS 2517	11.13	11799.223
Lachancea thermotolerans CBS 6340	10.393	7568.656
Kluyveromyces lactis	10.729	12420.677
Eremothecium cymbalariae DBVPG#7215	9.669	13204.613
Metschnikowia bicuspidata var. bicuspidata NRRL YB-4993	16.055	9351.174
Spathaspora passalidarum NRRL Y-27907	13.182	16653.114
Hyphopichia burtonii NRRL Y-1933	12.403	19607.018
[Candida] tenuis ATCC 10573	10.747	9593.144
Scheffersomyces stipitis CBS 6054	15.441	10422.391
Zygosaccharomyces rouxii	9.765	15285.466
Cyberlindnera jadinii NRRL Y-1542	13.018	11205.128
Naumovozyma dairenensis CBS 421	13.528	22710.566
Saccharomyces cerevisiae S288C	12.157	13759.773
[Candida] glabrata	12.338	12515.087
Wickerhamomyces anomalus NRRL Y-366-8	14.146	15138.525
Ogataea polymorpha	8.974	7500.916
Vanderwaltozyma polyspora DSM 70294	14.675	26756.998
Saitoella complicata NRRL Y-17804	14.136	14803.073
Pneumocystis murina B123	7.501	16258.289
Pneumocystis jirovecii RU7	8.396	16048.731
Pneumocystis carinii B80	7.661	18252.666
Schizosaccharomyces japonicus yFS275	11.733	9845.69
Schizosaccharomyces pombe	12.591	12071.954
Schizosaccharomyces cryophilus OY26	11.555	12506.097
Schizosaccharomyces octosporus yFS286	11.634	13865.776
Agaricus bisporus var. bisporus H97	30.234	10818.905
Laccaria bicolor S238N-H82	64.877	11225.488
Agaricus bisporus var. burnettii JB137-S8	32.614	10404.578
Moniliophthora roreri MCA 2997	52.205	10016.824
Schizophyllum commune H4-8	38.482	11005.658
Coprinopsis cinerea okayama7#130	36.193	12065.923
Serpula lacrymans var. lacrymans S7.9	42.797	10390.461
Coniophora puteana RWD-64-598 SS2	42.969	11399.548
Auricularia subglabra TFB-10046 SS5	74.92	10752.334
Punctularia strigosozonata HHB-11173 SS5	34.172	10734.843
Gloeophyllum trabeum ATCC 11539	37.178	8821.965
Fomitiporia mediterranea MF3/22	63.354	10861.01
Postia placenta Mad-698-R	90.892	7191.997
Dichomitus squalens LYAD-421 SS1	42.748	9349.536
Fibroporia radiculosa	28.378	8840.85
Phanerochaete carnosa HHB-10118-sp	46.293	8622.928
Trametes versicolor FP-101664 SS1	44.794	10757.912
Stereum hirsutum FP-91666 SS1	46.512	14442.992
Heterobasidion irregulare TC 32-1	33.65	15174.577
Kwoniella pini CBS 10737	20.829	15880.148
Kwoniella mangroviensis CBS 8507	22.655	16652.842
Tsuchiyaea wingfieldii CBS 7118	19.97	14361.987
Tremella mesenterica DSM 1558	28.64	13639.913
Cryptococcus neoformans var. neoformans B-3501A	19.7	10990.832
Kwoniella dejecticola CBS 10117	23.862	17723.202
Cryptococcus neoformans var. grubii H99	18.916	12233.169
Cryptococcus amylolentus CBS 6039	20.255	13757.297
Cryptococcus gattii WM276	18.375	12102.525
Kwoniella bestiolae CBS 10118	24.361	17233.978
Cryptococcus neoformans var. neoformans JEC21	19.052	11774.98
Cutaneotrichosporon oleaginosus	19.836	19928.151
Trichosporon asahii var. asahii CBS 2479	24.54	14711.101
Wallemia ichthyophaga EXF-994	9.656	13852.848
Wallemia mellicola CBS 633.66	9.816	10078.868
Rhodotorula graminis WP1	21.014	39532.03
Rhodotorula toruloides NP11	20.224	16520.716
Mixia osmundae IAM 14324	13.634	8759.258
Puccinia graminis f. sp. tritici CRL 75-36-700-3	88.724	16234.524
Melampsora larici-populina 98AG31	101.129	13349.935
Tilletiaria anomala UBC 951	18.704	13537.846
Malassezia sympodialis ATCC 42132	7.67	11017.265
Malassezia pachydermatis	8.151	10221.764
Malassezia globosa CBS 7966	8.958	10711.96
Ustilago maydis 521	19.664	15499.262
Pseudozyma hubeiensis SY62	18.443	13860.753
Kalmanozyma brasiliensis GHG001	17.325	13500
Anthracocystis flocculosa PF-1	23.305	39736.318
Moesziomyces antarcticus	18.112	19149.165
Encephalitozoon romaleae SJ-2008	2.188	6768.62
Encephalitozoon intestinalis ATCC 50506	2.217	7190.678
Nosema ceranae BRL01	7.86	16077.033
Vittaforma corneae ATCC 50505	3.214	7093.165
Encephalitozoon cuniculi GB-M1	2.498	6896.844
Enterocytozoon bieneusi H348	3.861	16523.266
Encephalitozoon hellem ATCC 50504	2.252	7083.273
Nematocida parisii ERTm1	4.071	13375.92
Ordospora colligata OC4	2.291	8462.678
Mitosporidium daphniae	5.637	9212.414
Vavraia culicis subsp. floridensis	6.119	6240.389
Priapulus caudatus	511.738	61001.967
Brugia malayi	93.659	29876.505
Loa loa	91.366	29626.119
Caenorhabditis briggsae	108.479	12419.352
Caenorhabditis elegans	100.286	14850.847
Caenorhabditis remanei	145.443	12097.008
Necator americanus	244.075	10343.306
Trichinella spiralis	63.525	25198.227
Acyrthosiphon pisum	541.692	27003.312
Diuraphis noxia	395.074	22847.668
Bemisia tabaci	615.017	13904.783
Diaphorina citri	485.705	34849.298
Cimex lectularius	650.478	16688.685
Halyomorpha halys	1150.109	20515.693
Pediculus humanus corporis	110.781	154733.21
Galendromus occidentalis	151.724	9781.201
Aedes aegypti	1383.974	11384.055
Aedes albopictus	2247.306	17077.169
Anopheles gambiae str. PEST	265.027	26016.345
Culex quinquefasciatus	579.042	17540.522
Bactrocera cucurbitae	374.82	21518.149
Bactrocera dorsalis	414.985	15526.393
Bactrocera latifrons	462.505	19460.676
Bactrocera oleae	471.78	18762.873
Rhagoletis zephyria	1113.963	22310.211
Ceratitis capitata	479.048	32054.636
Drosophila ananassae	230.993	21168.757
Drosophila bipectinata	167.264	24023.466
Drosophila biarmipes	169.379	20127.932
Drosophila suzukii	232.923	18179.159
Drosophila takahashii	182.107	23944.404
Drosophila eugracilis	156.942	26332.65
Drosophila elegans	171.268	25246.709
Drosophila rhopaloa	197.376	20650.531
Drosophila erecta	152.712	22516.776
Drosophila yakuba	165.71	23591.538
Drosophila melanogaster	143.726	25816.379
Drosophila sechellia	166.592	21844.944
Drosophila simulans	124.964	24709.129
Drosophila ficusphila	152.439	24743.309
Drosophila kikkawai	164.293	29532.089
Drosophila miranda	136.729	43967.978
Drosophila persimilis	188.374	35380.282
Drosophila pseudoobscura pseudoobscura	152.696	41459.135
Drosophila willistoni	235.516	36276.548
Drosophila arizonae	141.387	52348.175
Drosophila mojavensis	193.826	49352.923
Drosophila navojoa	115.886	58589.19
Drosophila virilis	206.027	36327.622
Drosophila grimshawi	200.468	39839.192
Drosophila busckii	135.749	50151.406
Musca domestica	750.404	19519.079
Stomoxys calcitrans	971.189	13853.559
Bombyx mori	481.819	16915.979
Papilio machaon	278.436	16926.218
Papilio xuthus	243.89	16427.034
Papilio polytes	227.021	15621.047
Amyelois transitella	406.468	18310.737
Plutella xylostella	393.471	18505.72
Dendroctonus ponderosae	252.848	8266.607
Aethina tumida	234.344	23835.921
Anoplophora glabripennis	707.728	12425.644
Tribolium castaneum	165.944	14661.795
Agrilus planipennis	353.563	11223.992
Nicrophorus vespilloides	195.273	22770.799
Apis cerana	228.332	30957.955
Apis mellifera	250.287	38762.601
Apis dorsata	230.34	39114.428
Apis florea	230.485	38255.929
Eufriesea mexicana	596.278	19789.536
Bombus impatiens	249.185	17334.222
Bombus terrestris	248.654	14964.474
Ceratina calcarata	199.937	12851.256
Habropoda laboriosa	296.955	15570.713
Dufourea novaeangliae	279.506	13115.229
Atta cephalotes	317.672	26115.772
Atta colombica	291.258	24665.677
Acromyrmex echinatior	295.945	22221.578
Trachymyrmex cornetzi	369.438	18248.374
Trachymyrmex septentrionalis	291.747	23577.526
Trachymyrmex zeteki	267.973	19448.971
Cyphomyrmex costatus	300.317	20971.617
Vollenhovia emeryi	287.901	16638.052
Wasmannia auropunctata	324.12	21381.213
Pogonomyrmex barbatus	235.646	28271.043
Monomorium pharaonis	257.977	25287.242
Solenopsis invicta	396.025	19793.345
Dinoponera quadriceps	259.666	23751.782
Harpegnathos saltator	294.466	40496.778
Camponotus floridanus	232.685	23810.744
Cerapachys biroi	212.826	17332.135
Linepithema humile	219.501	18726.054
Pseudomyrmex gracilis	282.776	28170.554
Polistes canadensis	211.202	56373.695
Polistes dominula	208.026	67790.757
Ceratosolen solmsi marchali	277.059	48103.363
Copidosoma floridanum	555.045	19114.82
Nasonia vitripennis	295.781	22805.903
Trichogramma pretiosum	195.088	27567.935
Microplitis demolitor	241.19	32716.609
Diachasma alloeum	388.753	12346.897
Fopius arisanus	153.632	12294.722
Cephus cinctus	162.246	19382.112
Orussus abietinus	201.22	11019.781
Neodiprion lecontei	239.677	21262.499
Athalia rosae	163.838	28955.982
Megachile rotundata	272.661	12727.832
Lingula anatina	425.495	23285.77
Lottia gigantea	359.506	12459.976
Aplysia californica	927.31	49689.833
Biomphalaria glabrata	916.388	29483.765
Crassostrea gigas	557.736	15751.623
Octopus bimaculoides	2338.189	64522.168
Callorhinchus milii	974.499	21172.673
Rhincodon typus	2931.6	10558.082
Clupea harengus	807.712	66999.815
Cyprinus carpio	1713.658	31892.962
Sinocyclocheilus anshuiensis	1632.718	28128.713
Sinocyclocheilus grahami	1750.288	26854.598
Sinocyclocheilus rhinocerous	1655.786	26883.554
Danio rerio	1371.719	42341.717
Ictalurus punctatus	783.275	42293.3
Pygocentrus nattereri	1285.352	33364.119
Branchiostoma belcheri	426.124	18601.144
Branchiostoma floridae	521.895	15276.322
Astyanax mexicanus	1191.243	25838.068
Cyprinodon variegatus	1035.184	17451.336
Fundulus heteroclitus	1021.899	20569.727
Poecilia mexicana	801.711	19801.253
Poecilia reticulata	731.622	20518.581
Poecilia formosa	748.923	22031.199
Poecilia latipinna	815.145	20826.583
Xiphophorus maculatus	729.664	18148.499
Nothobranchius furzeri	1242.518	19902.929
Austrofundulus limnaeus	866.963	20854.951
Kryptolebias marmoratus	680.367	21536.625
Oryzias latipes	869.818	14830.623
Haplochromis burtoni	831.412	17712.493
Maylandia zebra	859.842	20609.781
Pundamilia nyererei	830.133	17463.902
Neolamprologus brichardi	847.91	16285.356
Oreochromis niloticus	1009.857	21938.044
Stegastes partitus	800.492	21528.033
Labrus bergylta	805.481	33833.945
Larimichthys crocea	678.938	29882.818
Takifugu rubripes	391.485	24115.532
Notothenia coriiceps	636.614	28299.122
Lates calcarifer	668.481	26630.045
Monopterus albus	684.144	16839.131
Hippocampus comes	493.776	29836.559
Esox lucius	904.497	17713.245
Oncorhynchus kisutch	2369.932	28456.837
Salmo salar	2966.89	25969.575
Scleropages formosus	777.359	22054.513
Lepisosteus oculatus	945.878	12491.21
Latimeria chalumnae	2860.592	21746.378
Cynoglossus semilaevis	470.199	32936.499
Paralichthys olivaceus	643.912	20646.296
Alligator mississippiensis	2161.73	14494.635
Alligator sinensis	2270.568	14435.609
Crocodylus porosus	2049.536	12897.301
Gavialis gangeticus	2640.792	10532.02
Chelonia mydas	2208.41	12121.316
Chrysemys picta bellii	2365.767	12670.067
Pelodiscus sinensis	2202.484	12058.839
Anolis carolinensis	1799.144	22179.252
Protobothrops mucrosquamatus	1673.876	32555.117
Thamnophis sirtalis	1424.898	22251.789
Python bivittatus	1435.052	22161.878
Gekko japonicus	2490.274	17705.939
Acanthisitta chloris	1035.876	11570.06
Corvus brachyrhynchos	1091.313	12700.317
Corvus cornix cornix	1042.281	12720.831
Ficedula albicollis	1118.344	61554.619
Sturnus vulgaris	1036.756	15134.966
Parus major	1020.311	14485.566
Pseudopodoces humilis	1042.998	15410.96
Geospiza fortis	1065.292	14325.595
Zonotrichia albicollis	1052.601	14337.542
Serinus canaria	1152.1	16079.659
Taeniopygia guttata	1232.136	15160.161
Lepidothrix coronata	1079.577	13322.807
Manacus vitellinus	1213.421	13401.482
Apaloderma vittatum	1070.836	11630.634
Picoides pubescens	1167.324	17390.886
Colius striatus	1075.932	11255.604
Buceros rhinoceros silvestris	1065.783	11991.676
Leptosomus discolor	1136.245	12929.351
Merops nubicus	1062.962	14407.227
Melopsittacus undulatus	1117.374	10673.923
Nestor notabilis	1053.56	12028.782
Tyto alba	1120.143	15363.408
Aptenodytes forsteri	1254.347	12600.727
Pygoscelis adeliae	1216.618	12338.533
Fulmarus glacialis	1141.396	12710.934
Gavia stellata	1129.695	11356.752
Calidris pugnax	1229.094	13928.253
Charadrius vociferus	1219.86	13448.531
Balearica regulorum gibbericeps	1127.622	13339.658
Chlamydotis macqueenii	1086.566	14149.161
Eurypyga helias	1088.02	11869.889
Mesitornis unicolor	1087.291	11877.668
Cariama cristata	1132.245	12315.051
Egretta garzetta	1206.502	12810.794
Nipponia nippon	1223.863	13527.542
Pelecanus crispus	1160.925	13425.223
Phalacrocorax carbo	1138.968	11689.371
Phaethon lepturus	1152.959	12047.496
Pterocles gutturalis	1069.324	13638.199
Aquila chrysaetos canadensis	1192.743	13803.408
Haliaeetus albicilla	1133.55	12461.918
Haliaeetus leucocephalus	1178.409	12959.631
Falco cherrug	1174.812	13348.856
Falco peregrinus	1171.973	13438.98
Columba livia	1107.989	14574.958
Opisthocomus hoazin	1203.712	10619.46
Cuculus canorus	1153.894	11227.225
Tauraco erythrolophus	1155.541	12476.188
Antrostomus carolinensis	1119.683	14630.38
Calypte anna	1105.676	15465.746
Chaetura pelagica	1119.188	13743.747
Anas platyrhynchos	1105.052	20184.884
Anser cygnoides domesticus	1119.152	19099.809
Coturnix japonica	927.657	17839.215
Gallus gallus	1230.259	21733.417
Meleagris gallopavo	1128.339	14380.797
Apteryx australis mantelli	1523.973	11691.584
Struthio camelus australis	1225.042	13095.307
Tinamus guttatus	1047.056	15215.984
Acinonyx jubatus	2372.554	25016.655
Felis catus	2641.342	26437.315
Panthera pardus	2578.019	27916.415
Panthera tigris altaica	2391.082	25560.645
Ailuropoda melanoleuca	2299.509	21860.389
Ursus maritimus	2301.379	23601.287
Leptonychotes weddellii	3156.903	18198.402
Odobenus rosmarus divergens	2400.15	24471.787
Mustela putorius furo	2410.88	24599.168
Canis lupus familiaris	2410.977	30295.082
Manis javanica	2547.396	12930.825
Ceratotherium simum simum	2464.367	15979.29
Equus asinus	2391.051	14320.356
Equus caballus	2474.929	13961.152
Equus przewalskii	2395.954	14395.225
Balaenoptera acutorostrata scammoni	2431.688	18978.427
Lipotes vexillifer	2429.212	20888.632
Orcinus orca	2372.92	18911.757
Tursiops truncatus	2132.516	19200.636
Physeter catodon	2280.728	19868.386
Bison bison bison	2828.032	17406.446
Bos indicus	2673.965	17135.438
Bos taurus	2724.981	19129.421
Bos mutus	2645.162	18202.053
Bubalus bubalis	2836.167	18472.422
Capra hircus	2922.813	18070.883
Ovis aries	2615.516	18510.806
Ovis aries musimon	2589.835	17584.173
Pantholops hodgsonii	2696.886	17245.673
Sus scrofa	2808.526	23537.604
Camelus bactrianus	1992.663	17626.165
Camelus ferus	2009.195	17753.88
Camelus dromedarius	2004.064	17684.851
Vicugna pacos	2172.208	15764.377
Eptesicus fuscus	2026.629	18971.996
Myotis brandtii	2107.243	19436.477
Myotis lucifugus	2034.575	20160.003
Myotis davidii	2059.8	18113.727
Miniopterus natalensis	1803.099	18425.221
Hipposideros armiger	2236.581	17035.367
Rhinolophus sinicus	2073.345	18548.761
Pteropus alecto	1985.975	18321.544
Pteropus vampyrus	2198.285	17268.038
Rousettus aegyptiacus	1910.251	19702.651
Condylura cristata	1769.663	18302.714
Erinaceus europaeus	2715.721	32313.443
Sorex araneus	2423.158	22430.476
Aotus nancymaae	2926.582	17353.681
Callithrix jacchus	2914.959	19760.159
Cebus capucinus imitator	2717.703	21270.052
Saimiri boliviensis boliviensis	2608.589	21762.066
Cercocebus atys	2848.246	23611.659
Mandrillus leucophaeus	3061.993	19571.358
Papio anubis	2948.397	22255.788
Macaca fascicularis	2946.844	22384.774
Macaca mulatta	3236.224	21738.131
Macaca nemestrina	2948.704	21959.522
Chlorocebus sabaeus	2789.656	23191.565
Colobus angolensis palliatus	2970.125	19493.553
Rhinopithecus bieti	2977.075	22666.9
Rhinopithecus roxellana	2899.552	23856.84
Gorilla gorilla gorilla	3063.363	22849.399
Homo sapiens	3241.953	21291.692
Pan paniscus	3286.644	16889.439
Pan troglodytes	3231.171	22671.209
Pongo abelii	3441.244	21503.271
Nomascus leucogenys	2962.06	20072.576
Carlito syrichta	3453.865	22110.098
Microcebus murinus	2487.409	18942.462
Propithecus coquereli	2798.152	12318.8
Otolemur garnettii	2519.725	18756.486
Galeopterus variegatus	3187.661	18288.293
Castor canadensis	2518.307	18584.874
Dipodomys ordii	2236.369	34093.617
Cricetulus griseus	2360.13	28526.189
Mesocricetus auratus	2504.925	20726.955
Microtus ochrogaster	2287.341	24601.999
Peromyscus maniculatus bairdii	2630.541	29724.892
Mus musculus	2807.715	33776.343
Rattus norvegicus	2870.184	29412.485
Nannospalax galili	3061.425	24433.837
Jaculus jaculus	2835.25	26326.066
Ictidomys tridecemlineatus	2478.394	21476.885
Marmota marmota marmota	2510.587	24650.595
Tupaia chinensis	2846.58	30972.15
Cavia porcellus	2723.22	19363.226
Chinchilla lanigera	2390.869	19042.024
Octodon degus	2995.889	22131.802
Fukomys damarensis	2333.892	20581.688
Heterocephalus glaber	2618.205	17149.651
Ochotona princeps	2229.841	16883.254
Oryctolagus cuniculus	2737.463	25904.434
Chrysochloris asiatica	4210.11	14480.283
Echinops telfairi	2947.024	14498.693
Elephantulus edwardii	3843.983	15046.913
Orycteropus afer afer	4444.081	15675.07
Loxodonta africana	3196.738	16506.1
Trichechus manatus latirostris	3103.808	14761.559
Dasypus novemcinctus	3631.523	15515.549
Monodelphis domestica	3598.443	23298.087
Sarcophilus harrisii	3174.693	24254.151
Ornithorhynchus anatinus	1995.607	20520.516
